<?xml version="1.0" encoding="UTF-8"?>
<project-private xmlns="http://www.netbeans.org/ns/project-private/1">
    <editor-bookmarks xmlns="http://www.netbeans.org/ns/editor-bookmarks/2" lastBookmarkId="0"/>
    <open-files xmlns="http://www.netbeans.org/ns/projectui-open-files/2">
        <group>
            <file>file:/C:/Users/PR/OneDrive/Documents/NetBeansProjects/HotelManagementSystem/src/home.java</file>
            <file>file:/C:/Users/PR/OneDrive/Documents/NetBeansProjects/HotelManagementSystem/src/forgotPassword.java</file>
            <file>file:/C:/Users/PR/OneDrive/Documents/NetBeansProjects/HotelManagementSystem/src/project/Select.java</file>
            <file>file:/C:/Users/PR/OneDrive/Documents/NetBeansProjects/HotelManagementSystem/src/adminhome.java</file>
            <file>file:/C:/Users/PR/OneDrive/Documents/NetBeansProjects/HotelManagementSystem/src/project/ConnectionProvider.java</file>
            <file>file:/C:/Users/PR/OneDrive/Documents/NetBeansProjects/HotelManagementSystem/src/hotelmanagementsystem/HotelManagementSystem.java</file>
            <file>file:/C:/Users/PR/OneDrive/Documents/NetBeansProjects/HotelManagementSystem/src/login.java</file>
            <file>file:/C:/Users/PR/OneDrive/Documents/NetBeansProjects/HotelManagementSystem/src/ManageRoom.java</file>
            <file>file:/C:/Users/PR/OneDrive/Documents/NetBeansProjects/HotelManagementSystem/src/CustomerCheckIn.java</file>
            <file>file:/C:/Users/PR/OneDrive/Documents/NetBeansProjects/HotelManagementSystem/src/CustomerCheckout.java</file>
            <file>file:/C:/Users/PR/OneDrive/Documents/NetBeansProjects/HotelManagementSystem/src/Signup.java</file>
            <file>file:/C:/Users/PR/OneDrive/Documents/NetBeansProjects/HotelManagementSystem/src/project/tables.java</file>
        </group>
    </open-files>
</project-private>
